http://www.colissimo.fr/portail_colissimo/suivre.do?language=fr_FR,1
http://www.dhl.fr/fr/dhl_express/suivi_expedition.html,1
http://www.laposte.fr/particulier/outils/suivre-vos-envois?colissimo=true,1
https://decorations.arthus-bertrand.fr/,1422
https://medailles.arthusbertrand.com/,1423
https://medailles.arthusbertrand.com/medaille-bapteme,1
https://plus.google.com/+ArthusbertrandFrOfficiel,711
https://twitter.com/ArthusBertrand_,711
https://twitter.com/arthusbertrand_,711
https://www.arthus-bertrand.fr/collections/collection-argent/collection-deauville?mip=manchette-deauville&mic=BlocMenu,711
https://www.arthus-bertrand.fr/media/images/100x100/ecrin-medaille.jpg,127
https://www.arthus-bertrand.fr/media/images/290x445/bijouterie-bordeaux.jpg,1
https://www.arthus-bertrand.fr/media/images/290x445/bijouterie-bruxelles.jpg,1
https://www.arthus-bertrand.fr/media/images/push/bloc-menu-deauville.jpg,711
https://www.facebook.com/ArthusBertrandparis/,1422
https://www.instagram.com/arthusbertrand/,1422
https://www.pinterest.com/arthus_bertrand/,711
https://www.pinterest.fr/arthus_bertrand/,711
https://www.youtube.com/watch?v=06373En71ig,1
https://www.youtube.com/watch?v=E_mQNyseIlY,127
