,Address,Title 1
182,https://fr.arthusbertrand.com/produit/boucles-d-oreilles-pendantes-motif-rouage-diamant-0-016-carat-et-or-blanc-750-1000-5810750019,Boucles d'oreilles Boucles d'oreilles Austral - Arthus-Bertrand - 5810750019
199,https://fr.arthusbertrand.com/produit/chaine-maille-forcat-rond-0-50-mm-en-or-jaune-750-40-cm-3400364011,"Chaîne Forçat rond 0,50 mm - Chaîne maille Forçat 0,50 mm en Or Jaune 18 carats - 40 cm"
226,https://fr.arthusbertrand.com/produit/chaine-maille-forcat-rond-petit-modele-en-or-blanc-750-40-cm-5400644011,Chaîne Chaîne Forçat Rond PM 40 cm or blanc rhodié - Arthus-Bertrand - 5400644011
449,https://fr.arthusbertrand.com/produit/manchette-lune-de-miel-or-jaune-18-carats-bracelet-manchette-lune-de-miel-3200586511,Bracelet manchette Lune de Miel - Manchette Lune de Miel Or jaune 18 carats
696,https://fr.arthusbertrand.com/produit/chaine-maille-forcat-lime-0-40-mm-en-or-jaune-750-45-cm-3400354511,"Chaîne Forçat limé 0,40 mm - Chaîne maille Forçat 0,40 mm en Or Jaune 18 carats - 45 cm"
781,https://fr.arthusbertrand.com/produit/bracelet-trois-tours-or-jaune-et-diamant-champagne-0-27-carat-60-mm-3210896011,Bracelet Bracelet Saint Germain trois tours - Arthus-Bertrand - 3210896011
789,https://fr.arthusbertrand.com/produit/chaine-maille-forcat-lime-0-35-mm-en-or-blanc-750-45-cm-5400334511,"Chaîne Forçat limé 0,35 mm - Chaîne maille Forçat 0,35 mm en Or Blanc 18 carats - 45 cm"
872,https://fr.arthusbertrand.com/produit/pendentif-colombe-a-l-envol-or-jaune-750-14-mm-3503110091,Colombe à l'envol - Pendentif Colombe à l'envol Or jaune 18 carats - 14 mm
926,https://fr.arthusbertrand.com/produit/boucles-d-oreilles-pendantes-motif-rouage-diamant-0-016-carat-et-or-jaune-750-1000-3810750011,Boucles d'oreilles Boucles d'oreilles Austral - Arthus-Bertrand - 3810750011
997,https://fr.arthusbertrand.com/produit/chaine-maille-forcat-lime-0-50-mm-en-argent-925-50-cm-2400695019,"Chaîne Forçat limé - Chaîne maille Forçat 0,50 mm en Argent - 50 cm"
1323,https://fr.arthusbertrand.com/produit/pendentif-colombe-a-l-envol-or-jaune-750-18-mm-3503111891,Colombe à l'envol - Pendentif Colombe à l'envol Or jaune 18 carats - 18 mm
1467,https://fr.arthusbertrand.com/produit/manchette-lune-de-miel-or-jaune-18-carats-bracelet-manchette-lune-de-miel-3210586511,Bracelet manchette Lune de Miel - Manchette Lune de Miel Or jaune 18 carats
1476,https://fr.arthusbertrand.com/produit/pendentif-maman-je-t-aime-or-jaune-18-carats-et-nacre-maman-je-t-aime-3506222011,"Maman je t'aime - Pendentif ""maman je t'aime"" Or jaune 18 carats et nacre"
1719,https://fr.arthusbertrand.com/produit/chaine-maille-forcat-rond-petit-modele-en-or-rose-18-carats-40-cm-4400644011,Chaîne Chaîne Forçat Rond PM 40 cm or rose - Arthus-Bertrand - 4400644011
1796,https://fr.arthusbertrand.com/produit/chaine-maille-forcat-lime-0-50-mm-en-or-blanc-750-40-cm-5400424011,"Chaîne Forçat limé 0,50 mm - Chaîne maille Forçat 0,50 mm en Or Blanc 18 carats - 40 cm"
1873,https://fr.arthusbertrand.com/produit/pendentif-lune-de-miel-etoilee-or-jaune-18-carats-40mm-lune-de-miel-etoilee-3515324011,Lune de Miel étoilée - Pendentif Lune de Miel étoilée Or Jaune 18 carats - 40mm
1920,https://fr.arthusbertrand.com/produit/chaine-maille-forcat-lime-0-40-mm-en-or-jaune-750-40-cm-3400354011,"Chaîne Forçat limé 0,40 mm - Chaîne maille Forçat 0,40 mm en Or Jaune 18 carats - 40 cm"
1969,https://fr.arthusbertrand.com/produit/pendentif-maman-je-t-aime-or-blanc-18-carats-12-mm-maman-je-t-aime-petit-modele-5502490111,"Maman je t'aime - Petit Modèle - Pendentif ""maman je t'aime"" Or blanc 18 carats - 12 mm"
2118,https://fr.arthusbertrand.com/produit/bracelet-trois-tours-or-blanc-et-diamants-fancy-grey-0-27-carat-60-mm-5210896019,Bracelet Bracelet Saint Germain trois tours - Arthus-Bertrand - 5210896019
2134,https://fr.arthusbertrand.com/produit/chaine-maille-forcat-rond-0-50-mm-en-argent-925-42-cm-2400684219,"Chaîne Forçat rond argent - Chaîne maille Forçat 0,50 mm en Argent - 42 cm"
2261,https://fr.arthusbertrand.com/produit/chaine-maille-forcat-lime-0-50-mm-en-or-jaune-750-45-cm-3400424511,"Chaîne Forçat limé 0,40 mm - Chaîne maille Forçat 0,50 mm en Or Jaune 18 carats - 45 cm"
2346,https://fr.arthusbertrand.com/produit/chaine-maille-forcat-lime-0-50-mm-en-or-blanc-750-45-cm-5400424511,"Chaîne Forçat limé 0,50 mm - Chaîne maille Forçat 0,50 mm en Or Blanc 18 carats - 45 cm"
2649,https://fr.arthusbertrand.com/produit/pendentif-lune-de-miel-etoilee-or-jaune-18-carats-30mm-lune-de-miel-etoilee-3515503011,Lune de Miel étoilée - Pendentif Lune de Miel étoilée Or Jaune 18 carats - 30mm
2686,https://fr.arthusbertrand.com/produit/chaine-maille-forcat-lime-0-35-mm-en-or-blanc-750-40-cm-5400334011,"Chaîne Forçat limé 0,35 mm - Chaîne maille Forçat 0,35 mm en Or Blanc 18 carats - 40 cm"
2825,https://fr.arthusbertrand.com/produit/pendentif-ma-petite-etoile-en-or-jaune-14-mm-3513180111,"Pendentif Pendentif ""Ma Petite Etoile"" or jaune - Arthus-Bertrand - 3513180111"
2894,https://fr.arthusbertrand.com/produit/chaine-maille-forcat-rond-petit-modele-en-or-jaune-750-40-cm-3400644011,Chaîne Chaîne Forçat Rond PM 40 cm or jaune - Arthus-Bertrand - 3400644011
3001,https://fr.arthusbertrand.com/produit/bracelets-jetons-ange-sur-chaine-or-jaune-18-carats-mini-sanctis-anges-3220411811,Mini Sanctis Anges - Bracelets jetons Ange sur chaîne Or Jaune 18 carats
3034,https://fr.arthusbertrand.com/protection-donnees,"Protection des Données, Politique de Confidentialité - Arthus-Bertrand"
3094,https://fr.arthusbertrand.com/produit/chaine-maille-forcat-rond-0-45-mm-en-or-jaune-750-45-cm-3400404511,"Chaîne Forçat rond 0,45 mm - Chaîne maille Forçat 0,45 mm en Or Jaune 18 carats - 45 cm"
3119,https://fr.arthusbertrand.com/produit/pendentif-chartres-marqueterie-nacre-et-or-jaune-18-carats-30mm-chartres-marqueterie-3506232011,Chartres Marqueterie - Pendentif Chartres Marqueterie nacre et Or jaune 18 carats - 30mm
3255,https://fr.arthusbertrand.com/produit/chaine-maille-forcat-rond-0-45-mm-en-or-jaune-750-40-cm-3400404011,"Chaîne Forçat rond 0,45 mm - Chaîne maille Forçat 0,45 mm en Or Jaune 18 carats - 40 cm"
3337,https://fr.arthusbertrand.com/produit/chaine-maille-forcat-lime-0-45-mm-en-or-jaune-750-40-cm-3400414011,"Chaîne Forçat limé 0,45 mm - Chaîne maille Forçat 0,45 mm en Or Jaune 18 carats - 40 cm"
3341,https://fr.arthusbertrand.com/produit/bracelet-or-jaune-18-carats-motif-petite-fille-sur-cordon-noir-petite-fille-3250710311,Petite Fille - Bracelet Or Jaune 18 carats motif Petite Fille sur cordon noir
3441,https://fr.arthusbertrand.com/produit/chaine-maille-forcat-lime-0-50-mm-en-argent-925-42-cm-2400694219,"Chaîne Forçat limé - Chaîne maille Forçat 0,50 mm en Argent - 42 cm"
3687,https://fr.arthusbertrand.com/produit/chaine-maille-forcat-rond-0-50-mm-en-argent-925-50-cm-2400685019,"Chaîne Forçat rond argent - Chaîne maille Forçat 0,50 mm en Argent - 50 cm"
3721,https://fr.arthusbertrand.com/produit/pendentif-maman-je-t-aime-or-jaune-18-carats-18-mm-maman-je-t-aime-grand-modele-3502490091,"Maman je t'aime - Grand Modèle - Pendentif ""maman je t'aime"" Or jaune 18 carats - 18 mm"
3761,https://fr.arthusbertrand.com/produit/chaine-maille-forcat-rond-0-50-mm-en-or-blanc-750-45-cm-5400364511,"Chaîne Forçat rond 0,50 mm - Chaîne maille Forçat 0,50 mm en Or Blanc 18 carats - 45 cm"
3772,https://fr.arthusbertrand.com/produit/chaine-maille-forcat-rond-0-50-mm-en-vermeil-42-cm-2400684228,"Chaîne Forçat rond vermeil - Chaîne maille Forçat 0,50 mm en Argent - 42 cm"
3821,https://fr.arthusbertrand.com/produit/pendentif-petit-garcon-or-jaune-750-et-laque-bleue-3506110111,Petit Garçon - Pendentif Petit Garçon Or Jaune 18 carats et Laque Bleue
4171,https://fr.arthusbertrand.com/produit/pendentif-maman-je-t-aime-or-jaune-18-carats-14-mm-maman-je-t-aime-petit-modele-3502490191,"Maman je t'aime - Petit Modèle - Pendentif ""maman je t'aime"" Or jaune 18 carats - 14 mm"
4300,https://fr.arthusbertrand.com/produit/bracelet-trois-tours-or-blanc-et-diamants-fancy-grey-0-27-carat-65-mm-5210896519,Bracelet Bracelet Saint Germain trois tours - Arthus-Bertrand - 5210896519
4341,https://fr.arthusbertrand.com/produit/pendentif-nuage-ajoure-or-jaune-750-3505900011,"Pendentifs - Ce pendentif en or jaune 18 carats a la forme d'un nuage, et est ajouré en son centre. La hauteur du pendentif est de 14 millimètres et sa largueur est de 12 millimètres. Le pendentif a un poids moyen d'or de 1,7 gramme."
4343,https://fr.arthusbertrand.com/produit/bracelet-or-jaune-18-carats-motif-petit-garcon-sur-cordon-noir-petit-garcon-3250700311,Petit Garçon - Bracelet Or Jaune 18 carats motif Petit Garçon sur cordon noir
4426,https://fr.arthusbertrand.com/produit/pendentif-petit-garcon-or-jaune-750-et-laque-blanche-3506110311,Petit Garçon - Pendentif Petit Garçon Or Jaune 18 carats et Laque Blanche
4431,https://fr.arthusbertrand.com/produit/chaine-maille-forcat-lime-0-50-mm-en-or-jaune-750-40-cm-3400424011,"Chaîne Forçat limé 0,50 mm - Chaîne maille Forçat 0,50 mm en Or Jaune 18 carats - 40 cm"
4451,https://fr.arthusbertrand.com/produit/pendentif-petite-fille-or-jaune-750-et-laque-blanche-3506100311,Petite Fille - Pendentif Petite Fille Or Jaune 18 carats et Laque Blanche
4493,https://fr.arthusbertrand.com/produit/bracelet-motifs-en-forme-de-trefle-or-jaune-18-carats-trois-trefles-3220771811,Trois trèfles - Bracelet motifs en forme de trèfle Or Jaune 18 carats
4513,https://fr.arthusbertrand.com/produit/pendentif-nuage-or-jaune-750-3505760011,"Pendentifs - Ce pendentif au fini poli brillant en or jaune 18 carats à la forme d'un nuage. Le pendentif a une largeur de 9 millimètres et une hauteur de 11 millimètres. Le poids moyen d'or du pendentif est de 1,7 gramme."
4657,https://fr.arthusbertrand.com/produit/bracelet-trois-tours-or-jaune-et-diamant-champagne-0-27-carats-65-mm-3210896511,Bracelet Bracelet Saint Germain trois tours - Arthus-Bertrand - 3210896511
4752,https://fr.arthusbertrand.com/offre-emploi/assistant-commercial-decorations-medailles,Assistant(e) Commercial(e) Service Commercial Décorations et Médailles. Départements Export et France
4764,https://fr.arthusbertrand.com/produit/collier-motif-fleur-or-jaune-18-carats-et-agate-collier-tendre-pensee-3430984211,Collier tendre pensée - Collier motif fleur Or Jaune 18 carats et agate
4771,https://fr.arthusbertrand.com/produit/pendentif-maman-je-t-aime-or-blanc-18-carats-20-mm-maman-je-t-aime-grand-modele-5502490011,"Maman je t'aime - Grand Modèle - Pendentif ""maman je t'aime"" Or blanc 18 carats - 20 mm"
4821,https://fr.arthusbertrand.com/produit/chaine-maille-forcat-lime-0-45-mm-en-or-jaune-750-45-cm-3400414511,"Chaîne Forçat limé 0,45 mm - Chaîne maille Forçat 0,45 mm en Or Jaune 18 carats - 45 cm"
4911,https://fr.arthusbertrand.com/produit/chaine-maille-forcat-rond-0-50-mm-en-or-jaune-750-45-cm-3400364511,"Chaîne Forçat rond - Chaîne maille Forçat 0,50 mm en Or Jaune 18 carats - 45 cm"
5380,https://fr.arthusbertrand.com/produit/bracelet-or-blanc-18-carats-motif-petit-garcon-sur-cordon-noir-petit-garcon-5250700311,Petit Garçon - Bracelet Or Blanc 18 carats motif Petit Garçon sur cordon noir
